{
  "v": "5.5.7",
  "fr": 60,
  "ip": 0,
  "op": 90,
  "w": 500,
  "h": 500,
  "nm": "编辑画布动画",
  "ddd": 0,
  "assets": [],
  "layers": [
    {
      "ddd": 0,
      "ind": 1,
      "ty": 4,
      "nm": "hand 3",
      "sr": 1,
      "ks": {
        "o": {
          "a": 0,
          "k": 100,
          "ix": 11
        },
        "r": {
          "a": 0,
          "k": 0,
          "ix": 10
        },
        "p": {
          "a": 1,
          "k": [
            {
              "i": {
                "x": 0.833,
                "y": 0.833
              },
              "o": {
                "x": 0.167,
                "y": 0.167
              },
              "t": 0,
              "s": [
                244.5,
                251,
                0
              ],
              "to": [
                0,
                0,
                0
              ],
              "ti": [
                0,
                0,
                0
              ]
            },
            {
              "i": {
                "x": 0.833,
                "y": 0.833
              },
              "o": {
                "x": 0.167,
                "y": 0.167
              },
              "t": 34,
              "s": [
                244.5,
                251,
                0
              ],
              "to": [
                1,
                -1,
                0
              ],
              "ti": [
                0,
                0,
                0
              ]
            },
            {
              "i": {
                "x": 0.833,
                "y": 0.833
              },
              "o": {
                "x": 0.167,
                "y": 0.167
              },
              "t": 57,
              "s": [
                250.5,
                245,
                0
              ],
              "to": [
                0,
                0,
                0
              ],
              "ti": [
                1,
                -1,
                0
              ]
            },
            {
              "t": 88,
              "s": [
                244.5,
                251,
                0
              ]
            }
          ],
          "ix": 2
        },
        "a": {
          "a": 0,
          "k": [
            0,
            0,
            0
          ],
          "ix": 1
        },
        "s": {
          "a": 0,
          "k": [
            69,
            69,
            100
          ],
          "ix": 6
        }
      },
      "ao": 0,
      "shapes": [
        {
          "ty": "gr",
          "it": [
            {
              "ind": 0,
              "ty": "sh",
              "ix": 1,
              "ks": {
                "a": 1,
                "k": [
                  {
                    "i": {
                      "x": 0.833,
                      "y": 0.833
                    },
                    "o": {
                      "x": 0.167,
                      "y": 0.167
                    },
                    "t": 0,
                    "s": [
                      {
                        "i": [
                          [
                            10.642,
                            -2.407
                          ],
                          [
                            0,
                            0
                          ],
                          [
                            0,
                            0
                          ],
                          [
                            1.798,
                            1.259
                          ],
                          [
                            5.933,
                            -5.933
                          ],
                          [
                            0,
                            0
                          ],
                          [
                            -5.034,
                            -5.034
                          ],
                          [
                            -4.675,
                            0
                          ],
                          [
                            -6.832,
                            0.719
                          ],
                          [
                            0,
                            0
                          ],
                          [
                            -7.552,
                            3.956
                          ],
                          [
                            -1.735,
                            5.007
                          ],
                          [
                            0,
                            0
                          ],
                          [
                            0,
                            0
                          ],
                          [
                            5.034,
                            5.394
                          ],
                          [
                            3.596,
                            1.079
                          ],
                          [
                            0,
                            0
                          ],
                          [
                            0,
                            0
                          ],
                          [
                            0,
                            0
                          ]
                        ],
                        "o": [
                          [
                            -9.18,
                            2.076
                          ],
                          [
                            0,
                            0
                          ],
                          [
                            0,
                            0
                          ],
                          [
                            -1.798,
                            -1.259
                          ],
                          [
                            -5.933,
                            5.933
                          ],
                          [
                            0,
                            0
                          ],
                          [
                            5.034,
                            5.034
                          ],
                          [
                            4.675,
                            0
                          ],
                          [
                            6.832,
                            -0.719
                          ],
                          [
                            0,
                            0
                          ],
                          [
                            7.552,
                            -3.956
                          ],
                          [
                            0.79,
                            -2.279
                          ],
                          [
                            0,
                            0
                          ],
                          [
                            0,
                            0
                          ],
                          [
                            -5.034,
                            -5.394
                          ],
                          [
                            -3.596,
                            -1.079
                          ],
                          [
                            0,
                            0
                          ],
                          [
                            0,
                            0
                          ],
                          [
                            0,
                            0
                          ]
                        ],
                        "v": [
                          [
                            5.3,
                            -16.796
                          ],
                          [
                            -4.409,
                            -7.087
                          ],
                          [
                            6.379,
                            77.779
                          ],
                          [
                            -10.702,
                            67.89
                          ],
                          [
                            -25.625,
                            70.587
                          ],
                          [
                            -26.704,
                            85.33
                          ],
                          [
                            2.783,
                            117.694
                          ],
                          [
                            18.965,
                            124.167
                          ],
                          [
                            42.339,
                            123.088
                          ],
                          [
                            64.634,
                            121.29
                          ],
                          [
                            79.737,
                            117.335
                          ],
                          [
                            93.402,
                            101.153
                          ],
                          [
                            94.481,
                            94.68
                          ],
                          [
                            93.042,
                            65.193
                          ],
                          [
                            85.131,
                            47.932
                          ],
                          [
                            64.275,
                            34.627
                          ],
                          [
                            57.802,
                            33.908
                          ],
                          [
                            27.96,
                            38.876
                          ],
                          [
                            19.684,
                            -8.166
                          ]
                        ],
                        "c": true
                      }
                    ]
                  },
                  {
                    "i": {
                      "x": 0.833,
                      "y": 0.833
                    },
                    "o": {
                      "x": 0.167,
                      "y": 0.167
                    },
                    "t": 9,
                    "s": [
                      {
                        "i": [
                          [
                            9.35,
                            -1.079
                          ],
                          [
                            0,
                            0
                          ],
                          [
                            0,
                            0
                          ],
                          [
                            1.798,
                            1.259
                          ],
                          [
                            5.933,
                            -5.933
                          ],
                          [
                            0,
                            0
                          ],
                          [
                            -5.034,
                            -5.034
                          ],
                          [
                            -4.675,
                            0
                          ],
                          [
                            -6.832,
                            0.719
                          ],
                          [
                            0,
                            0
                          ],
                          [
                            -7.552,
                            3.956
                          ],
                          [
                            -1.079,
                            2.158
                          ],
                          [
                            0,
                            0
                          ],
                          [
                            0,
                            0
                          ],
                          [
                            5.034,
                            5.394
                          ],
                          [
                            3.596,
                            1.079
                          ],
                          [
                            0,
                            0
                          ],
                          [
                            0,
                            0
                          ],
                          [
                            0,
                            0
                          ]
                        ],
                        "o": [
                          [
                            -9.35,
                            1.079
                          ],
                          [
                            0,
                            0
                          ],
                          [
                            0,
                            0
                          ],
                          [
                            -1.798,
                            -1.259
                          ],
                          [
                            -5.933,
                            5.933
                          ],
                          [
                            0,
                            0
                          ],
                          [
                            5.034,
                            5.034
                          ],
                          [
                            4.675,
                            0
                          ],
                          [
                            6.832,
                            -0.719
                          ],
                          [
                            0,
                            0
                          ],
                          [
                            7.552,
                            -3.956
                          ],
                          [
                            1.079,
                            -2.158
                          ],
                          [
                            0,
                            0
                          ],
                          [
                            0,
                            0
                          ],
                          [
                            -5.034,
                            -5.394
                          ],
                          [
                            -3.596,
                            -1.079
                          ],
                          [
                            0,
                            0
                          ],
                          [
                            0,
                            0
                          ],
                          [
                            0,
                            0
                          ]
                        ],
                        "v": [
                          [
                            -0.134,
                            -6.651
                          ],
                          [
                            -10.568,
                            5.232
                          ],
                          [
                            6.379,
                            77.779
                          ],
                          [
                            -7.803,
                            68.252
                          ],
                          [
                            -22.727,
                            70.949
                          ],
                          [
                            -23.805,
                            85.693
                          ],
                          [
                            2.783,
                            117.694
                          ],
                          [
                            18.965,
                            124.167
                          ],
                          [
                            42.339,
                            123.088
                          ],
                          [
                            64.634,
                            121.29
                          ],
                          [
                            79.737,
                            117.335
                          ],
                          [
                            93.402,
                            101.153
                          ],
                          [
                            94.481,
                            94.68
                          ],
                          [
                            93.042,
                            65.193
                          ],
                          [
                            85.131,
                            47.932
                          ],
                          [
                            64.275,
                            34.627
                          ],
                          [
                            52.005,
                            33.183
                          ],
                          [
                            27.236,
                            38.009
                          ],
                          [
                            14.25,
                            1.979
                          ]
                        ],
                        "c": true
                      }
                    ]
                  },
                  {
                    "i": {
                      "x": 0.833,
                      "y": 0.833
                    },
                    "o": {
                      "x": 0.167,
                      "y": 0.167
                    },
                    "t": 21,
                    "s": [
                      {
                        "i": [
                          [
                            9.35,
                            -1.079
                          ],
                          [
                            0,
                            0
                          ],
                          [
                            0,
                            0
                          ],
                          [
                            1.798,
                            1.259
                          ],
                          [
                            5.933,
                            -5.933
                          ],
                          [
                            0,
                            0
                          ],
                          [
                            -5.034,
                            -5.034
                          ],
                          [
                            -4.675,
                            0
                          ],
                          [
                            -6.832,
                            0.719
                          ],
                          [
                            0,
                            0
                          ],
                          [
                            -7.552,
                            3.956
                          ],
                          [
                            -1.079,
                            2.158
                          ],
                          [
                            0,
                            0
                          ],
                          [
                            0,
                            0
                          ],
                          [
                            5.034,
                            5.394
                          ],
                          [
                            3.596,
                            1.079
                          ],
                          [
                            0,
                            0
                          ],
                          [
                            0,
                            0
                          ],
                          [
                            0,
                            0
                          ]
                        ],
                        "o": [
                          [
                            -9.35,
                            1.079
                          ],
                          [
                            0,
                            0
                          ],
                          [
                            0,
                            0
                          ],
                          [
                            -1.798,
                            -1.259
                          ],
                          [
                            -5.933,
                            5.933
                          ],
                          [
                            0,
                            0
                          ],
                          [
                            5.034,
                            5.034
                          ],
                          [
                            4.675,
                            0
                          ],
                          [
                            6.832,
                            -0.719
                          ],
                          [
                            0,
                            0
                          ],
                          [
                            7.552,
                            -3.956
                          ],
                          [
                            1.079,
                            -2.158
                          ],
                          [
                            0,
                            0
                          ],
                          [
                            0,
                            0
                          ],
                          [
                            -5.034,
                            -5.394
                          ],
                          [
                            -3.596,
                            -1.079
                          ],
                          [
                            0,
                            0
                          ],
                          [
                            0,
                            0
                          ],
                          [
                            0,
                            0
                          ]
                        ],
                        "v": [
                          [
                            -0.134,
                            -6.651
                          ],
                          [
                            -10.568,
                            5.232
                          ],
                          [
                            6.379,
                            77.779
                          ],
                          [
                            -7.803,
                            68.252
                          ],
                          [
                            -22.727,
                            70.949
                          ],
                          [
                            -23.805,
                            85.693
                          ],
                          [
                            2.783,
                            117.694
                          ],
                          [
                            18.965,
                            124.167
                          ],
                          [
                            42.339,
                            123.088
                          ],
                          [
                            64.634,
                            121.29
                          ],
                          [
                            79.737,
                            117.335
                          ],
                          [
                            93.402,
                            101.153
                          ],
                          [
                            94.481,
                            94.68
                          ],
                          [
                            93.042,
                            65.193
                          ],
                          [
                            85.131,
                            47.932
                          ],
                          [
                            64.275,
                            34.627
                          ],
                          [
                            52.005,
                            33.183
                          ],
                          [
                            27.236,
                            38.009
                          ],
                          [
                            14.25,
                            1.979
                          ]
                        ],
                        "c": true
                      }
                    ]
                  },
                  {
                    "t": 28,
                    "s": [
                      {
                        "i": [
                          [
                            10.642,
                            -2.407
                          ],
                          [
                            0,
                            0
                          ],
                          [
                            0,
                            0
                          ],
                          [
                            1.798,
                            1.259
                          ],
                          [
                            5.933,
                            -5.933
                          ],
                          [
                            0,
                            0
                          ],
                          [
                            -5.034,
                            -5.034
                          ],
                          [
                            -4.675,
                            0
                          ],
                          [
                            -6.832,
                            0.719
                          ],
                          [
                            0,
                            0
                          ],
                          [
                            -7.552,
                            3.956
                          ],
                          [
                            -1.735,
                            5.007
                          ],
                          [
                            0,
                            0
                          ],
                          [
                            0,
                            0
                          ],
                          [
                            5.034,
                            5.394
                          ],
                          [
                            3.596,
                            1.079
                          ],
                          [
                            0,
                            0
                          ],
                          [
                            0,
                            0
                          ],
                          [
                            0,
                            0
                          ]
                        ],
                        "o": [
                          [
                            -9.18,
                            2.076
                          ],
                          [
                            0,
                            0
                          ],
                          [
                            0,
                            0
                          ],
                          [
                            -1.798,
                            -1.259
                          ],
                          [
                            -5.933,
                            5.933
                          ],
                          [
                            0,
                            0
                          ],
                          [
                            5.034,
                            5.034
                          ],
                          [
                            4.675,
                            0
                          ],
                          [
                            6.832,
                            -0.719
                          ],
                          [
                            0,
                            0
                          ],
                          [
                            7.552,
                            -3.956
                          ],
                          [
                            0.79,
                            -2.279
                          ],
                          [
                            0,
                            0
                          ],
                          [
                            0,
                            0
                          ],
                          [
                            -5.034,
                            -5.394
                          ],
                          [
                            -3.596,
                            -1.079
                          ],
                          [
                            0,
                            0
                          ],
                          [
                            0,
                            0
                          ],
                          [
                            0,
                            0
                          ]
                        ],
                        "v": [
                          [
                            5.3,
                            -16.796
                          ],
                          [
                            -4.409,
                            -7.087
                          ],
                          [
                            6.379,
                            77.779
                          ],
                          [
                            -10.702,
                            67.89
                          ],
                          [
                            -25.625,
                            70.587
                          ],
                          [
                            -26.704,
                            85.33
                          ],
                          [
                            2.783,
                            117.694
                          ],
                          [
                            18.965,
                            124.167
                          ],
                          [
                            42.339,
                            123.088
                          ],
                          [
                            64.634,
                            121.29
                          ],
                          [
                            79.737,
                            117.335
                          ],
                          [
                            93.402,
                            101.153
                          ],
                          [
                            94.481,
                            94.68
                          ],
                          [
                            93.042,
                            65.193
                          ],
                          [
                            85.131,
                            47.932
                          ],
                          [
                            64.275,
                            34.627
                          ],
                          [
                            57.802,
                            33.908
                          ],
                          [
                            27.96,
                            38.876
                          ],
                          [
                            19.684,
                            -8.166
                          ]
                        ],
                        "c": true
                      }
                    ]
                  }
                ],
                "ix": 2
              },
              "nm": "路径 1",
              "mn": "ADBE Vector Shape - Group",
              "hd": false
            },
            {
              "ty": "st",
              "c": {
                "a": 0,
                "k": [
                  0,
                  0,
                  0,
                  1
                ],
                "ix": 3
              },
              "o": {
                "a": 0,
                "k": 80,
                "ix": 4
              },
              "w": {
                "a": 0,
                "k": 5,
                "ix": 5
              },
              "lc": 1,
              "lj": 1,
              "ml": 4,
              "bm": 0,
              "nm": "描边 2",
              "mn": "ADBE Vector Graphic - Stroke",
              "hd": false
            },
            {
              "ty": "fl",
              "c": {
                "a": 0,
                "k": [
                  1,
                  1,
                  1,
                  1
                ],
                "ix": 4
              },
              "o": {
                "a": 0,
                "k": 80,
                "ix": 5
              },
              "r": 1,
              "bm": 0,
              "nm": "填充 1",
              "mn": "ADBE Vector Graphic - Fill",
              "hd": false
            },
            {
              "ty": "tr",
              "p": {
                "a": 0,
                "k": [
                  0,
                  0
                ],
                "ix": 2
              },
              "a": {
                "a": 0,
                "k": [
                  0,
                  0
                ],
                "ix": 1
              },
              "s": {
                "a": 0,
                "k": [
                  100,
                  100
                ],
                "ix": 3
              },
              "r": {
                "a": 0,
                "k": 0,
                "ix": 6
              },
              "o": {
                "a": 0,
                "k": 100,
                "ix": 7
              },
              "sk": {
                "a": 0,
                "k": 0,
                "ix": 4
              },
              "sa": {
                "a": 0,
                "k": 0,
                "ix": 5
              },
              "nm": "变换"
            }
          ],
          "nm": "形状 1",
          "np": 3,
          "cix": 2,
          "bm": 0,
          "ix": 1,
          "mn": "ADBE Vector Group",
          "hd": false
        }
      ],
      "ip": 0,
      "op": 90,
      "st": 0,
      "bm": 0
    },
    {
      "ddd": 0,
      "ind": 2,
      "ty": 4,
      "nm": "形状图层 1",
      "sr": 1,
      "ks": {
        "o": {
          "a": 1,
          "k": [
            {
              "i": {
                "x": [
                  0.833
                ],
                "y": [
                  0.833
                ]
              },
              "o": {
                "x": [
                  0.167
                ],
                "y": [
                  0.167
                ]
              },
              "t": 0,
              "s": [
                70
              ]
            },
            {
              "i": {
                "x": [
                  0.833
                ],
                "y": [
                  0.833
                ]
              },
              "o": {
                "x": [
                  0.167
                ],
                "y": [
                  0.167
                ]
              },
              "t": 9,
              "s": [
                60
              ]
            },
            {
              "i": {
                "x": [
                  0.833
                ],
                "y": [
                  0.833
                ]
              },
              "o": {
                "x": [
                  0.167
                ],
                "y": [
                  0.167
                ]
              },
              "t": 11,
              "s": [
                60
              ]
            },
            {
              "i": {
                "x": [
                  0.833
                ],
                "y": [
                  0.833
                ]
              },
              "o": {
                "x": [
                  0.167
                ],
                "y": [
                  0.167
                ]
              },
              "t": 21,
              "s": [
                60
              ]
            },
            {
              "i": {
                "x": [
                  0.833
                ],
                "y": [
                  0.833
                ]
              },
              "o": {
                "x": [
                  0.167
                ],
                "y": [
                  0.167
                ]
              },
              "t": 28,
              "s": [
                0
              ]
            },
            {
              "i": {
                "x": [
                  0.833
                ],
                "y": [
                  0.833
                ]
              },
              "o": {
                "x": [
                  0.167
                ],
                "y": [
                  0.167
                ]
              },
              "t": 35,
              "s": [
                60
              ]
            },
            {
              "t": 50,
              "s": [
                0
              ]
            }
          ],
          "ix": 11
        },
        "r": {
          "a": 0,
          "k": 0,
          "ix": 10
        },
        "p": {
          "a": 1,
          "k": [
            {
              "i": {
                "x": 0.833,
                "y": 0.833
              },
              "o": {
                "x": 0.167,
                "y": 0.167
              },
              "t": 0,
              "s": [
                250,
                253,
                0
              ],
              "to": [
                -0.667,
                -0.167,
                0
              ],
              "ti": [
                0.667,
                0.167,
                0
              ]
            },
            {
              "i": {
                "x": 0.833,
                "y": 0.833
              },
              "o": {
                "x": 0.167,
                "y": 0.167
              },
              "t": 9,
              "s": [
                246,
                252,
                0
              ],
              "to": [
                0,
                0,
                0
              ],
              "ti": [
                0,
                0,
                0
              ]
            },
            {
              "i": {
                "x": 0.833,
                "y": 0.833
              },
              "o": {
                "x": 0.167,
                "y": 0.167
              },
              "t": 21,
              "s": [
                246,
                252,
                0
              ],
              "to": [
                0.667,
                0.167,
                0
              ],
              "ti": [
                -0.667,
                -0.167,
                0
              ]
            },
            {
              "t": 28,
              "s": [
                250,
                253,
                0
              ]
            }
          ],
          "ix": 2
        },
        "a": {
          "a": 0,
          "k": [
            0,
            0,
            0
          ],
          "ix": 1
        },
        "s": {
          "a": 1,
          "k": [
            {
              "i": {
                "x": [
                  0.833,
                  0.833,
                  0.833
                ],
                "y": [
                  0.833,
                  0.833,
                  0.833
                ]
              },
              "o": {
                "x": [
                  0.167,
                  0.167,
                  0.167
                ],
                "y": [
                  0.167,
                  0.167,
                  0.167
                ]
              },
              "t": 0,
              "s": [
                100,
                100,
                100
              ]
            },
            {
              "i": {
                "x": [
                  0.833,
                  0.833,
                  0.833
                ],
                "y": [
                  0.833,
                  0.833,
                  0.833
                ]
              },
              "o": {
                "x": [
                  0.167,
                  0.167,
                  0.167
                ],
                "y": [
                  0.167,
                  0.167,
                  0.167
                ]
              },
              "t": 8,
              "s": [
                100,
                100,
                100
              ]
            },
            {
              "i": {
                "x": [
                  0.833,
                  0.833,
                  0.833
                ],
                "y": [
                  0.833,
                  0.833,
                  0.833
                ]
              },
              "o": {
                "x": [
                  0.167,
                  0.167,
                  0.167
                ],
                "y": [
                  0.167,
                  0.167,
                  0.167
                ]
              },
              "t": 10,
              "s": [
                95,
                95,
                100
              ]
            },
            {
              "i": {
                "x": [
                  0.833,
                  0.833,
                  0.833
                ],
                "y": [
                  0.833,
                  0.833,
                  0.833
                ]
              },
              "o": {
                "x": [
                  0.167,
                  0.167,
                  0.167
                ],
                "y": [
                  0.167,
                  0.167,
                  0.167
                ]
              },
              "t": 21,
              "s": [
                95,
                95,
                100
              ]
            },
            {
              "i": {
                "x": [
                  0.833,
                  0.833,
                  0.833
                ],
                "y": [
                  0.833,
                  0.833,
                  0.833
                ]
              },
              "o": {
                "x": [
                  0.167,
                  0.167,
                  0.167
                ],
                "y": [
                  0.167,
                  0.167,
                  0.167
                ]
              },
              "t": 28,
              "s": [
                70,
                70,
                100
              ]
            },
            {
              "i": {
                "x": [
                  0.833,
                  0.833,
                  0.833
                ],
                "y": [
                  0.833,
                  0.833,
                  0.833
                ]
              },
              "o": {
                "x": [
                  0.167,
                  0.167,
                  0.167
                ],
                "y": [
                  0.167,
                  0.167,
                  0.167
                ]
              },
              "t": 35,
              "s": [
                100,
                100,
                100
              ]
            },
            {
              "t": 50,
              "s": [
                200,
                200,
                100
              ]
            }
          ],
          "ix": 6
        }
      },
      "ao": 0,
      "shapes": [
        {
          "ty": "gr",
          "it": [
            {
              "d": 1,
              "ty": "el",
              "s": {
                "a": 0,
                "k": [
                  68,
                  68
                ],
                "ix": 2
              },
              "p": {
                "a": 0,
                "k": [
                  0,
                  0
                ],
                "ix": 3
              },
              "nm": "椭圆路径 1",
              "mn": "ADBE Vector Shape - Ellipse",
              "hd": false
            },
            {
              "ty": "st",
              "c": {
                "a": 0,
                "k": [
                  0.003967523575,
                  0.51727193594,
                  1,
                  1
                ],
                "ix": 3
              },
              "o": {
                "a": 0,
                "k": 100,
                "ix": 4
              },
              "w": {
                "a": 0,
                "k": 5,
                "ix": 5
              },
              "lc": 1,
              "lj": 1,
              "ml": 4,
              "bm": 0,
              "nm": "描边 1",
              "mn": "ADBE Vector Graphic - Stroke",
              "hd": false
            },
            {
              "ty": "fl",
              "c": {
                "a": 0,
                "k": [
                  0.077405035496,
                  0.511821627617,
                  1,
                  1
                ],
                "ix": 4
              },
              "o": {
                "a": 0,
                "k": 80,
                "ix": 5
              },
              "r": 1,
              "bm": 0,
              "nm": "填充 1",
              "mn": "ADBE Vector Graphic - Fill",
              "hd": false
            },
            {
              "ty": "tr",
              "p": {
                "a": 0,
                "k": [
                  -0.555,
                  -1.422
                ],
                "ix": 2
              },
              "a": {
                "a": 0,
                "k": [
                  0,
                  0
                ],
                "ix": 1
              },
              "s": {
                "a": 0,
                "k": [
                  100,
                  100
                ],
                "ix": 3
              },
              "r": {
                "a": 0,
                "k": 0,
                "ix": 6
              },
              "o": {
                "a": 0,
                "k": 100,
                "ix": 7
              },
              "sk": {
                "a": 0,
                "k": 0,
                "ix": 4
              },
              "sa": {
                "a": 0,
                "k": 0,
                "ix": 5
              },
              "nm": "变换"
            }
          ],
          "nm": "椭圆 1",
          "np": 3,
          "cix": 2,
          "bm": 0,
          "ix": 1,
          "mn": "ADBE Vector Group",
          "hd": false
        }
      ],
      "ip": 0,
      "op": 90,
      "st": 0,
      "bm": 0
    },
    {
      "ddd": 0,
      "ind": 3,
      "ty": 4,
      "nm": "o 5",
      "sr": 1,
      "ks": {
        "o": {
          "a": 1,
          "k": [
            {
              "i": {
                "x": [
                  0.833
                ],
                "y": [
                  0.833
                ]
              },
              "o": {
                "x": [
                  0.167
                ],
                "y": [
                  0.167
                ]
              },
              "t": 50,
              "s": [
                0
              ]
            },
            {
              "i": {
                "x": [
                  0.833
                ],
                "y": [
                  0.542
                ]
              },
              "o": {
                "x": [
                  0.167
                ],
                "y": [
                  0.167
                ]
              },
              "t": 72,
              "s": [
                50
              ]
            },
            {
              "t": 83,
              "s": [
                0
              ]
            }
          ],
          "ix": 11
        },
        "r": {
          "a": 0,
          "k": 0,
          "ix": 10
        },
        "p": {
          "a": 0,
          "k": [
            249.75,
            251,
            0
          ],
          "ix": 2
        },
        "a": {
          "a": 0,
          "k": [
            6.02,
            -12.121,
            0
          ],
          "ix": 1
        },
        "s": {
          "a": 1,
          "k": [
            {
              "i": {
                "x": [
                  0.833,
                  0.833,
                  0.833
                ],
                "y": [
                  0.833,
                  0.833,
                  0.833
                ]
              },
              "o": {
                "x": [
                  0.167,
                  0.167,
                  0.167
                ],
                "y": [
                  0.167,
                  0.167,
                  0.167
                ]
              },
              "t": 50,
              "s": [
                60,
                60,
                100
              ]
            },
            {
              "t": 83,
              "s": [
                200,
                200,
                100
              ]
            }
          ],
          "ix": 6
        }
      },
      "ao": 0,
      "shapes": [
        {
          "ty": "gr",
          "it": [
            {
              "d": 1,
              "ty": "el",
              "s": {
                "a": 0,
                "k": [
                  182.32,
                  182.32
                ],
                "ix": 2
              },
              "p": {
                "a": 0,
                "k": [
                  0,
                  0
                ],
                "ix": 3
              },
              "nm": "椭圆路径 1",
              "mn": "ADBE Vector Shape - Ellipse",
              "hd": false
            },
            {
              "ty": "st",
              "c": {
                "a": 0,
                "k": [
                  0.090272665024,
                  0.526908278465,
                  1,
                  1
                ],
                "ix": 3
              },
              "o": {
                "a": 0,
                "k": 50,
                "ix": 4
              },
              "w": {
                "a": 1,
                "k": [
                  {
                    "i": {
                      "x": [
                        0.833
                      ],
                      "y": [
                        0.833
                      ]
                    },
                    "o": {
                      "x": [
                        0.167
                      ],
                      "y": [
                        0.167
                      ]
                    },
                    "t": 50,
                    "s": [
                      30
                    ]
                  },
                  {
                    "i": {
                      "x": [
                        0.833
                      ],
                      "y": [
                        0.833
                      ]
                    },
                    "o": {
                      "x": [
                        0.167
                      ],
                      "y": [
                        0.167
                      ]
                    },
                    "t": 72,
                    "s": [
                      8
                    ]
                  },
                  {
                    "t": 83,
                    "s": [
                      4
                    ]
                  }
                ],
                "ix": 5
              },
              "lc": 1,
              "lj": 1,
              "ml": 4,
              "bm": 0,
              "nm": "描边 1",
              "mn": "ADBE Vector Graphic - Stroke",
              "hd": false
            },
            {
              "ty": "fl",
              "c": {
                "a": 0,
                "k": [
                  0.113725490868,
                  0.466666668653,
                  1,
                  1
                ],
                "ix": 4
              },
              "o": {
                "a": 0,
                "k": 0,
                "ix": 5
              },
              "r": 1,
              "bm": 0,
              "nm": "填充 1",
              "mn": "ADBE Vector Graphic - Fill",
              "hd": false
            },
            {
              "ty": "tr",
              "p": {
                "a": 0,
                "k": [
                  6.02,
                  -12.121
                ],
                "ix": 2
              },
              "a": {
                "a": 0,
                "k": [
                  0,
                  0
                ],
                "ix": 1
              },
              "s": {
                "a": 0,
                "k": [
                  74.988,
                  74.988
                ],
                "ix": 3
              },
              "r": {
                "a": 0,
                "k": 0,
                "ix": 6
              },
              "o": {
                "a": 0,
                "k": 100,
                "ix": 7
              },
              "sk": {
                "a": 0,
                "k": 0,
                "ix": 4
              },
              "sa": {
                "a": 0,
                "k": 0,
                "ix": 5
              },
              "nm": "变换"
            }
          ],
          "nm": "椭圆 1",
          "np": 3,
          "cix": 2,
          "bm": 0,
          "ix": 1,
          "mn": "ADBE Vector Group",
          "hd": false
        }
      ],
      "ip": 0,
      "op": 90,
      "st": 0,
      "bm": 0
    },
    {
      "ddd": 0,
      "ind": 4,
      "ty": 4,
      "nm": "o 4",
      "sr": 1,
      "ks": {
        "o": {
          "a": 1,
          "k": [
            {
              "i": {
                "x": [
                  0.833
                ],
                "y": [
                  0.833
                ]
              },
              "o": {
                "x": [
                  0.167
                ],
                "y": [
                  0.167
                ]
              },
              "t": 39,
              "s": [
                0
              ]
            },
            {
              "i": {
                "x": [
                  0.833
                ],
                "y": [
                  0.583
                ]
              },
              "o": {
                "x": [
                  0.167
                ],
                "y": [
                  0.167
                ]
              },
              "t": 58,
              "s": [
                50
              ]
            },
            {
              "t": 68,
              "s": [
                0
              ]
            }
          ],
          "ix": 11
        },
        "r": {
          "a": 0,
          "k": 0,
          "ix": 10
        },
        "p": {
          "a": 0,
          "k": [
            249.75,
            251,
            0
          ],
          "ix": 2
        },
        "a": {
          "a": 0,
          "k": [
            6.02,
            -12.121,
            0
          ],
          "ix": 1
        },
        "s": {
          "a": 1,
          "k": [
            {
              "i": {
                "x": [
                  0.833,
                  0.833,
                  0.833
                ],
                "y": [
                  0.833,
                  0.833,
                  0.833
                ]
              },
              "o": {
                "x": [
                  0.167,
                  0.167,
                  0.167
                ],
                "y": [
                  0.167,
                  0.167,
                  0.167
                ]
              },
              "t": 39,
              "s": [
                60,
                60,
                100
              ]
            },
            {
              "t": 68,
              "s": [
                200,
                200,
                100
              ]
            }
          ],
          "ix": 6
        }
      },
      "ao": 0,
      "shapes": [
        {
          "ty": "gr",
          "it": [
            {
              "d": 1,
              "ty": "el",
              "s": {
                "a": 0,
                "k": [
                  182.32,
                  182.32
                ],
                "ix": 2
              },
              "p": {
                "a": 0,
                "k": [
                  0,
                  0
                ],
                "ix": 3
              },
              "nm": "椭圆路径 1",
              "mn": "ADBE Vector Shape - Ellipse",
              "hd": false
            },
            {
              "ty": "st",
              "c": {
                "a": 0,
                "k": [
                  0.090196080506,
                  0.525490224361,
                  1,
                  1
                ],
                "ix": 3
              },
              "o": {
                "a": 0,
                "k": 50,
                "ix": 4
              },
              "w": {
                "a": 1,
                "k": [
                  {
                    "i": {
                      "x": [
                        0.833
                      ],
                      "y": [
                        0.833
                      ]
                    },
                    "o": {
                      "x": [
                        0.167
                      ],
                      "y": [
                        0.167
                      ]
                    },
                    "t": 39,
                    "s": [
                      30
                    ]
                  },
                  {
                    "i": {
                      "x": [
                        0.833
                      ],
                      "y": [
                        0.833
                      ]
                    },
                    "o": {
                      "x": [
                        0.167
                      ],
                      "y": [
                        0.167
                      ]
                    },
                    "t": 58,
                    "s": [
                      8
                    ]
                  },
                  {
                    "t": 68,
                    "s": [
                      4
                    ]
                  }
                ],
                "ix": 5
              },
              "lc": 1,
              "lj": 1,
              "ml": 4,
              "bm": 0,
              "nm": "描边 1",
              "mn": "ADBE Vector Graphic - Stroke",
              "hd": false
            },
            {
              "ty": "fl",
              "c": {
                "a": 0,
                "k": [
                  0.113725490868,
                  0.466666668653,
                  1,
                  1
                ],
                "ix": 4
              },
              "o": {
                "a": 0,
                "k": 0,
                "ix": 5
              },
              "r": 1,
              "bm": 0,
              "nm": "填充 1",
              "mn": "ADBE Vector Graphic - Fill",
              "hd": false
            },
            {
              "ty": "tr",
              "p": {
                "a": 0,
                "k": [
                  6.02,
                  -12.121
                ],
                "ix": 2
              },
              "a": {
                "a": 0,
                "k": [
                  0,
                  0
                ],
                "ix": 1
              },
              "s": {
                "a": 0,
                "k": [
                  74.988,
                  74.988
                ],
                "ix": 3
              },
              "r": {
                "a": 0,
                "k": 0,
                "ix": 6
              },
              "o": {
                "a": 0,
                "k": 100,
                "ix": 7
              },
              "sk": {
                "a": 0,
                "k": 0,
                "ix": 4
              },
              "sa": {
                "a": 0,
                "k": 0,
                "ix": 5
              },
              "nm": "变换"
            }
          ],
          "nm": "椭圆 1",
          "np": 3,
          "cix": 2,
          "bm": 0,
          "ix": 1,
          "mn": "ADBE Vector Group",
          "hd": false
        }
      ],
      "ip": 0,
      "op": 90,
      "st": 0,
      "bm": 0
    },
    {
      "ddd": 0,
      "ind": 5,
      "ty": 4,
      "nm": "o 3",
      "sr": 1,
      "ks": {
        "o": {
          "a": 1,
          "k": [
            {
              "i": {
                "x": [
                  0.833
                ],
                "y": [
                  0.833
                ]
              },
              "o": {
                "x": [
                  0.167
                ],
                "y": [
                  0.167
                ]
              },
              "t": 26,
              "s": [
                0
              ]
            },
            {
              "i": {
                "x": [
                  0.833
                ],
                "y": [
                  0.458
                ]
              },
              "o": {
                "x": [
                  0.167
                ],
                "y": [
                  0.167
                ]
              },
              "t": 45,
              "s": [
                50
              ]
            },
            {
              "t": 58,
              "s": [
                0
              ]
            }
          ],
          "ix": 11
        },
        "r": {
          "a": 0,
          "k": 0,
          "ix": 10
        },
        "p": {
          "a": 0,
          "k": [
            249.75,
            251,
            0
          ],
          "ix": 2
        },
        "a": {
          "a": 0,
          "k": [
            6.02,
            -12.121,
            0
          ],
          "ix": 1
        },
        "s": {
          "a": 1,
          "k": [
            {
              "i": {
                "x": [
                  0.833,
                  0.833,
                  0.833
                ],
                "y": [
                  0.833,
                  0.833,
                  0.833
                ]
              },
              "o": {
                "x": [
                  0.167,
                  0.167,
                  0.167
                ],
                "y": [
                  0.167,
                  0.167,
                  0.167
                ]
              },
              "t": 26,
              "s": [
                60,
                60,
                100
              ]
            },
            {
              "t": 58,
              "s": [
                200,
                200,
                100
              ]
            }
          ],
          "ix": 6
        }
      },
      "ao": 0,
      "shapes": [
        {
          "ty": "gr",
          "it": [
            {
              "d": 1,
              "ty": "el",
              "s": {
                "a": 0,
                "k": [
                  182.32,
                  182.32
                ],
                "ix": 2
              },
              "p": {
                "a": 0,
                "k": [
                  0,
                  0
                ],
                "ix": 3
              },
              "nm": "椭圆路径 1",
              "mn": "ADBE Vector Shape - Ellipse",
              "hd": false
            },
            {
              "ty": "st",
              "c": {
                "a": 0,
                "k": [
                  0.090196080506,
                  0.525490224361,
                  1,
                  1
                ],
                "ix": 3
              },
              "o": {
                "a": 0,
                "k": 50,
                "ix": 4
              },
              "w": {
                "a": 1,
                "k": [
                  {
                    "i": {
                      "x": [
                        0.609
                      ],
                      "y": [
                        0.834
                      ]
                    },
                    "o": {
                      "x": [
                        0.16
                      ],
                      "y": [
                        0
                      ]
                    },
                    "t": 26,
                    "s": [
                      30
                    ]
                  },
                  {
                    "i": {
                      "x": [
                        0.823
                      ],
                      "y": [
                        1
                      ]
                    },
                    "o": {
                      "x": [
                        0.433
                      ],
                      "y": [
                        0.691
                      ]
                    },
                    "t": 45,
                    "s": [
                      8
                    ]
                  },
                  {
                    "t": 58,
                    "s": [
                      4
                    ]
                  }
                ],
                "ix": 5
              },
              "lc": 1,
              "lj": 1,
              "ml": 4,
              "bm": 0,
              "nm": "描边 1",
              "mn": "ADBE Vector Graphic - Stroke",
              "hd": false
            },
            {
              "ty": "fl",
              "c": {
                "a": 0,
                "k": [
                  0.113725490868,
                  0.466666668653,
                  1,
                  1
                ],
                "ix": 4
              },
              "o": {
                "a": 0,
                "k": 0,
                "ix": 5
              },
              "r": 1,
              "bm": 0,
              "nm": "填充 1",
              "mn": "ADBE Vector Graphic - Fill",
              "hd": false
            },
            {
              "ty": "tr",
              "p": {
                "a": 0,
                "k": [
                  6.02,
                  -12.121
                ],
                "ix": 2
              },
              "a": {
                "a": 0,
                "k": [
                  0,
                  0
                ],
                "ix": 1
              },
              "s": {
                "a": 0,
                "k": [
                  74.988,
                  74.988
                ],
                "ix": 3
              },
              "r": {
                "a": 0,
                "k": 0,
                "ix": 6
              },
              "o": {
                "a": 0,
                "k": 100,
                "ix": 7
              },
              "sk": {
                "a": 0,
                "k": 0,
                "ix": 4
              },
              "sa": {
                "a": 0,
                "k": 0,
                "ix": 5
              },
              "nm": "变换"
            }
          ],
          "nm": "椭圆 1",
          "np": 3,
          "cix": 2,
          "bm": 0,
          "ix": 1,
          "mn": "ADBE Vector Group",
          "hd": false
        }
      ],
      "ip": 0,
      "op": 90,
      "st": 0,
      "bm": 0
    }
  ],
  "markers": []
}